{
	"IcoMoonType": "selection",
	"icons": [
		{
			"icon": {
				"paths": [
					"M64 192h896v192h-896zM64 448h896v192h-896zM64 704h896v192h-896z"
				],
				"attrs": [],
				"isMulticolor": false,
				"tags": [
					"menu",
					"list",
					"options",
					"lines",
					"hamburger"
				],
				"grid": 16
			},
			"attrs": [],
			"properties": {
				"order": 51,
				"id": 25,
				"prevSize": 32,
				"code": 59648,
				"name": "menu"
			},
			"setIdx": 0,
			"setId": 3,
			"iconIdx": 0
		},
		{
			"icon": {
				"paths": [
					"M969.208 325.399c0 0-9.111-64.326-37.174-92.571-35.534-37.174-75.26-37.357-93.483-39.543-130.475-9.476-326.369-9.476-326.369-9.476h-0.364c0 0-195.894 0-326.369 9.476-18.223 2.187-57.948 2.369-93.483 39.543-28.063 28.245-36.992 92.571-36.992 92.571s-9.294 75.442-9.294 151.066v70.704c0 75.442 9.294 151.066 9.294 151.066s9.111 64.326 36.992 92.571c35.534 37.174 82.184 35.899 102.958 39.908 74.713 7.107 317.257 9.294 317.257 9.294s196.076-0.364 326.551-9.658c18.223-2.187 57.948-2.369 93.483-39.543 28.063-28.245 37.174-92.571 37.174-92.571s9.294-75.442 9.294-151.066v-70.704c-0.182-75.442-9.476-151.066-9.476-151.066zM415.602 632.999v-262.225l252.020 131.568-252.020 130.657z"
				],
				"attrs": [],
				"isMulticolor": false,
				"tags": [
					"youtube",
					"brand",
					"social"
				],
				"grid": 16
			},
			"attrs": [],
			"properties": {
				"order": 52,
				"id": 23,
				"prevSize": 32,
				"code": 59669,
				"name": "youtube"
			},
			"setIdx": 0,
			"setId": 3,
			"iconIdx": 1
		},
		{
			"icon": {
				"paths": [
					"M876 64h-728c-46.2 0-84 37.8-84 84v728c0 46.2 37.8 84 84 84h728c46.2 0 84-37.8 84-84v-728c0-46.2-37.8-84-84-84zM400 736c-123.9 0-224-100.1-224-224s100.1-224 224-224c60.55 0 111.125 22.050 150.15 58.625l-60.9 58.45c-16.625-15.925-45.675-34.475-89.25-34.475-76.475 0-138.95 63.35-138.95 141.4s62.475 141.4 138.95 141.4c88.725 0 121.975-63.7 127.050-96.6h-127.050v-76.825h211.575c1.925 11.2 3.5 22.4 3.5 37.1 0 128.1-85.75 218.925-215.075 218.925zM848 512h-56v56h-56v-56h-56v-56h56v-56h56v56h56v56z"
				],
				"attrs": [],
				"isMulticolor": false,
				"tags": [
					"google-plus",
					"brand",
					"social"
				],
				"grid": 16
			},
			"attrs": [],
			"properties": {
				"order": 53,
				"id": 24,
				"prevSize": 32,
				"code": 59670,
				"name": "google-plus"
			},
			"setIdx": 0,
			"setId": 3,
			"iconIdx": 2
		},
		{
			"icon": {
				"paths": [
					"M800.827 104.996q18.549 0 31.797 13.251t13.251 31.797v723.915q0 18.549-13.251 31.797t-31.797 13.251h-207.212v-315.323h105.46l15.9-122.946h-121.359v-78.431q0-29.678 12.455-44.516t48.491-14.838l64.657-0.527v-109.7q-33.387-4.771-94.331-4.771-72.073 0-115.265 42.399t-43.191 119.769v90.622h-105.991v122.946h105.991v315.323h-389.517q-18.549 0-31.797-13.251t-13.251-31.797v-723.915q0-18.549 13.251-31.797t31.797-13.251h723.915z"
				],
				"attrs": [],
				"isMulticolor": false,
				"width": 878,
				"tags": [
					"facebook-official"
				],
				"grid": 16,
				"colorPermutations": {}
			},
			"attrs": [],
			"properties": {
				"order": 54,
				"id": 17,
				"prevSize": 32,
				"code": 59664,
				"name": "facebook"
			},
			"setIdx": 0,
			"setId": 3,
			"iconIdx": 3
		},
		{
			"icon": {
				"paths": [
					"M280 632v-112h-224v-112h224v-112l168 126v-126l224-112h-448v168h-56v-224h616v728l-336 168v-168h-280v-280h56v224h224v-294z"
				],
				"attrs": [],
				"isMulticolor": false,
				"width": 896,
				"tags": [
					"sign-in"
				],
				"grid": 16,
				"colorPermutations": {}
			},
			"attrs": [],
			"properties": {
				"order": 60,
				"id": 18,
				"prevSize": 32,
				"code": 59662,
				"name": "sign-in"
			},
			"setIdx": 0,
			"setId": 3,
			"iconIdx": 9
		},
		{
			"icon": {
				"paths": [
					"M704 640c-64 64-64 128-128 128s-128-64-192-128-128-128-128-192 64-64 128-128-128-256-192-256-192 192-192 192c0 128 131.5 387.5 256 512s384 256 512 256c0 0 192-128 192-192s-192-256-256-192z"
				],
				"attrs": [],
				"isMulticolor": false,
				"tags": [
					"phone",
					"telephone",
					"contact",
					"support",
					"call"
				],
				"grid": 16,
				"colorPermutations": {}
			},
			"attrs": [],
			"properties": {
				"order": 61,
				"id": 14,
				"prevSize": 32,
				"code": 59660,
				"name": "phone"
			},
			"setIdx": 0,
			"setId": 3,
			"iconIdx": 10
		},
		{
			"icon": {
				"paths": [
					"M928 128h-832c-52.8 0-96 43.2-96 96v640c0 52.8 43.2 96 96 96h832c52.8 0 96-43.2 96-96v-640c0-52.8-43.2-96-96-96zM398.74 550.372l-270.74 210.892v-501.642l270.74 290.75zM176.38 256h671.24l-335.62 252-335.62-252zM409.288 561.698l102.712 110.302 102.71-110.302 210.554 270.302h-626.528l210.552-270.302zM625.26 550.372l270.74-290.75v501.642l-270.74-210.892z"
				],
				"attrs": [],
				"isMulticolor": false,
				"tags": [
					"envelop",
					"mail",
					"email",
					"contact",
					"letter"
				],
				"grid": 16,
				"colorPermutations": {}
			},
			"attrs": [],
			"properties": {
				"order": 62,
				"id": 15,
				"prevSize": 32,
				"code": 59661,
				"name": "envelop"
			},
			"setIdx": 0,
			"setId": 3,
			"iconIdx": 11
		},
		{
			"icon": {
				"paths": [
					"M658.744 749.256l-210.744-210.746v-282.51h128v229.49l173.256 173.254zM512 0c-282.77 0-512 229.23-512 512s229.23 512 512 512 512-229.23 512-512-229.23-512-512-512zM512 896c-212.078 0-384-171.922-384-384s171.922-384 384-384c212.078 0 384 171.922 384 384s-171.922 384-384 384z"
				],
				"attrs": [],
				"isMulticolor": false,
				"tags": [
					"clock",
					"time",
					"schedule"
				],
				"grid": 16,
				"colorPermutations": {}
			},
			"attrs": [],
			"properties": {
				"order": 63,
				"id": 13,
				"prevSize": 32,
				"code": 59653,
				"name": "clock"
			},
			"setIdx": 0,
			"setId": 3,
			"iconIdx": 12
		},
		{
			"icon": {
				"paths": [
					"M448 304c0-26.4 21.6-48 48-48h32c26.4 0 48 21.6 48 48v32c0 26.4-21.6 48-48 48h-32c-26.4 0-48-21.6-48-48v-32z",
					"M640 768h-256v-64h64v-192h-64v-64h192v256h64z",
					"M512 0c-282.77 0-512 229.23-512 512s229.23 512 512 512 512-229.23 512-512-229.23-512-512-512zM512 928c-229.75 0-416-186.25-416-416s186.25-416 416-416 416 186.25 416 416-186.25 416-416 416z"
				],
				"attrs": [],
				"isMulticolor": false,
				"tags": [
					"info",
					"information"
				],
				"grid": 16,
				"colorPermutations": {}
			},
			"attrs": [],
			"properties": {
				"order": 64,
				"id": 12,
				"prevSize": 32,
				"code": 59658,
				"name": "info"
			},
			"setIdx": 0,
			"setId": 3,
			"iconIdx": 13
		},
		{
			"icon": {
				"paths": [
					"M896 256v-128h-896v704c0 35.346 28.654 64 64 64h864c53.022 0 96-42.978 96-96v-544h-128zM832 832h-768v-640h768v640zM128 320h640v64h-640zM512 448h256v64h-256zM512 576h256v64h-256zM512 704h192v64h-192zM128 448h320v320h-320z"
				],
				"attrs": [],
				"isMulticolor": false,
				"tags": [
					"newspaper",
					"news",
					"paper"
				],
				"grid": 16,
				"colorPermutations": {}
			},
			"attrs": [],
			"properties": {
				"order": 65,
				"id": 11,
				"prevSize": 32,
				"code": 59656,
				"name": "newspaper"
			},
			"setIdx": 0,
			"setId": 3,
			"iconIdx": 14
		},
		{
			"icon": {
				"paths": [
					"M512 0c-282.77 0-512 229.23-512 512s229.23 512 512 512 512-229.23 512-512-229.23-512-512-512zM96 512c0-229.75 186.25-416 416-416 109.574 0 209.232 42.386 283.534 111.628l-411.534 176.372-176.372 411.534c-69.242-74.302-111.628-173.96-111.628-283.534zM585.166 585.166l-256.082 109.75 109.75-256.082 146.332 146.332zM512 928c-109.574 0-209.234-42.386-283.532-111.628l411.532-176.372 176.372-411.532c69.242 74.298 111.628 173.958 111.628 283.532 0 229.75-186.25 416-416 416z"
				],
				"attrs": [],
				"isMulticolor": false,
				"tags": [
					"compass",
					"direction",
					"location"
				],
				"grid": 16,
				"colorPermutations": {}
			},
			"attrs": [],
			"properties": {
				"order": 66,
				"id": 10,
				"prevSize": 32,
				"code": 59657,
				"name": "compass"
			},
			"setIdx": 0,
			"setId": 3,
			"iconIdx": 15
		},
		{
			"icon": {
				"paths": [
					"M448 1024.021h-405.333c-23.552 0-42.667-19.115-42.667-42.667v-661.333c0-23.552 19.115-42.667 42.667-42.667h405.333c23.595 0 42.667 19.115 42.667 42.667v661.333c0 23.552-19.093 42.667-42.667 42.667zM448 234.667h-405.333c-23.552 0-42.667-19.093-42.667-42.645v-149.355c0-23.552 19.115-42.667 42.667-42.667h405.333c23.595 0 42.667 19.115 42.667 42.667v149.355c0 23.552-19.093 42.645-42.667 42.645zM981.333 1024.021h-405.333c-23.552 0-42.667-19.115-42.667-42.667v-661.333c0-23.552 19.115-42.667 42.667-42.667h405.333c23.552 0 42.667 19.115 42.667 42.667v661.333c0 23.552-19.115 42.667-42.667 42.667zM981.333 234.667h-405.333c-23.552 0-42.667-19.093-42.667-42.645v-149.355c0-23.552 19.115-42.667 42.667-42.667h405.333c23.552 0 42.667 19.115 42.667 42.667v149.355c0 23.552-19.115 42.645-42.667 42.645z"
				],
				"attrs": [],
				"isMulticolor": false,
				"grid": 16,
				"tags": [
					"bedroom"
				],
				"colorPermutations": {}
			},
			"attrs": [],
			"properties": {
				"order": 70,
				"id": 6,
				"prevSize": 32,
				"code": 59665,
				"name": "bedroom",
				"ligatures": ""
			},
			"setIdx": 0,
			"setId": 3,
			"iconIdx": 19
		},
		{
			"icon": {
				"paths": [
					"M192 576l64 384h192v-320h128v320h192l64-384-320-320-320 320zM832 384v-256h-128l0.312 128.312-192.312-192.312-512 512h128l384-384 384 384h128l-192-192z"
				],
				"attrs": [],
				"isMulticolor": false,
				"tags": [
					"home"
				],
				"grid": 16,
				"colorPermutations": {}
			},
			"attrs": [],
			"properties": {
				"order": 72,
				"id": 2,
				"prevSize": 32,
				"name": "home",
				"code": 59667
			},
			"setIdx": 0,
			"setId": 3,
			"iconIdx": 21
		},
		{
			"icon": {
				"paths": [
					"M420.984 603.016h182.034v-273.050h136.524l-227.542-227.542-227.542 227.542h136.524v273.050zM936.956 672.734c-9.556-10.194-73.313-78.412-91.517-96.205-12.060-11.787-29.307-19.022-47.42-19.022h-79.958l139.437 136.251h-161.281c-4.642 0-8.829 2.366-10.922 6.053l-37.135 85.238h-272.321l-37.135-85.238c-2.093-3.686-6.325-6.053-10.922-6.053h-161.281l139.392-136.251h-79.913c-18.066 0-35.315 7.236-47.42 19.022-18.204 17.838-81.961 86.056-91.517 96.205-22.253 23.709-34.496 42.595-28.67 65.941l25.53 139.893c5.826 23.391 31.446 42.595 56.976 42.595h742.33c25.53 0 51.151-19.204 56.976-42.595l25.53-139.893c5.733-23.346-6.462-42.232-28.76-65.941z"
				],
				"attrs": [],
				"isMulticolor": false,
				"tags": [
					"upload"
				],
				"grid": 20,
				"colorPermutations": {}
			},
			"attrs": [],
			"properties": {
				"order": 55,
				"id": 16,
				"prevSize": 40,
				"code": 59663,
				"name": "upload"
			},
			"setIdx": 0,
			"setId": 3,
			"iconIdx": 4
		},
		{
			"icon": {
				"paths": [
					"M64 192v-64h896v64h-896z",
					"M64 448v-64h896v64h-896z",
					"M64 704v-64h896v64h-896z",
					"M320 320v-64h640v64h-640z",
					"M320 576v-64h640v64h-640z",
					"M320 832v-63.968h640v63.968h-640z"
				],
				"attrs": [],
				"isMulticolor": false,
				"grid": 14,
				"tags": [
					"text_align_right"
				],
				"colorPermutations": {}
			},
			"attrs": [],
			"properties": {
				"order": 56,
				"id": 21,
				"prevSize": 32,
				"code": 59649,
				"name": "text_align_right"
			},
			"setIdx": 0,
			"setId": 3,
			"iconIdx": 5
		},
		{
			"icon": {
				"paths": [
					"M64 192v-64h896v64h-896z",
					"M64 448v-64h896v64h-896z",
					"M64 704v-64h896v64h-896z",
					"M192 320v-64h640v64h-640z",
					"M192 576v-64h640v64h-640z",
					"M192 832v-64h640v64h-640z"
				],
				"attrs": [],
				"isMulticolor": false,
				"grid": 14,
				"tags": [
					"text_align_center"
				],
				"colorPermutations": {}
			},
			"attrs": [],
			"properties": {
				"order": 57,
				"id": 22,
				"prevSize": 32,
				"code": 59650,
				"name": "text_align_center"
			},
			"setIdx": 0,
			"setId": 3,
			"iconIdx": 6
		},
		{
			"icon": {
				"paths": [
					"M64 192v-64h896v64h-896z",
					"M64 448v-64h896v64h-896z",
					"M64 704v-64h896v64h-896z",
					"M64 320v-64h640v64h-640z",
					"M64 576v-64h640v64h-640z",
					"M64 832v-63.968h640v63.968h-640z"
				],
				"attrs": [],
				"isMulticolor": false,
				"grid": 14,
				"tags": [
					"text_align_left"
				],
				"colorPermutations": {}
			},
			"attrs": [],
			"properties": {
				"order": 58,
				"id": 19,
				"prevSize": 32,
				"code": 59651,
				"name": "text_align_left"
			},
			"setIdx": 0,
			"setId": 3,
			"iconIdx": 7
		},
		{
			"icon": {
				"paths": [
					"M64 192v-64h896v64h-896z",
					"M64 448v-64h896v64h-896z",
					"M64 704v-64h896v64h-896z",
					"M64 320v-64h896v64h-896z",
					"M64 576v-64h896v64h-896z",
					"M64 832v-64h896v64h-896z"
				],
				"attrs": [],
				"isMulticolor": false,
				"grid": 14,
				"tags": [
					"text_align_full"
				],
				"colorPermutations": {}
			},
			"attrs": [],
			"properties": {
				"order": 59,
				"id": 20,
				"prevSize": 32,
				"code": 59652,
				"name": "text_align_justify"
			},
			"setIdx": 0,
			"setId": 3,
			"iconIdx": 8
		},
		{
			"icon": {
				"paths": [
					"M669.143 172l-303.429 303.429 303.429 303.429q10.857 10.857 10.857 25.714t-10.857 25.714l-94.857 94.857q-10.857 10.857-25.714 10.857t-25.714-10.857l-424-424q-10.857-10.857-10.857-25.714t10.857-25.714l424-424q10.857-10.857 25.714-10.857t25.714 10.857l94.857 94.857q10.857 10.857 10.857 25.714t-10.857 25.714z"
				],
				"attrs": [],
				"isMulticolor": false,
				"width": 768,
				"tags": [
					"chevron-left"
				],
				"grid": 14,
				"colorPermutations": {}
			},
			"attrs": [],
			"properties": {
				"order": 67,
				"id": 9,
				"prevSize": 32,
				"code": 59654,
				"name": "chevron-left"
			},
			"setIdx": 0,
			"setId": 3,
			"iconIdx": 16
		},
		{
			"icon": {
				"paths": [
					"M632.571 501.143l-424 424q-10.857 10.857-25.714 10.857t-25.714-10.857l-94.857-94.857q-10.857-10.857-10.857-25.714t10.857-25.714l303.429-303.429-303.429-303.429q-10.857-10.857-10.857-25.714t10.857-25.714l94.857-94.857q10.857-10.857 25.714-10.857t25.714 10.857l424 424q10.857 10.857 10.857 25.714t-10.857 25.714z"
				],
				"attrs": [],
				"isMulticolor": false,
				"width": 695,
				"tags": [
					"chevron-right"
				],
				"grid": 14,
				"colorPermutations": {}
			},
			"attrs": [],
			"properties": {
				"order": 68,
				"id": 8,
				"prevSize": 32,
				"code": 59655,
				"name": "chevron-right"
			},
			"setIdx": 0,
			"setId": 3,
			"iconIdx": 17
		},
		{
			"icon": {
				"paths": [
					"M789.397 1024.341h-85.333v-64.043h-384v64.043h-85.355v-78.912c-99.413-35.2-170.709-129.771-170.709-241.173v-85.397h-64v-64h1024.128v64h-64.021v85.397c0 111.424-71.317 205.973-170.709 241.173v78.912zM149.355 512.171h-85.355v-362.773s0-149.397 170.688-149.397h21.419c5.035 0 170.56 1.301 170.56 170.731l106.688 85.333h-298.667l106.667-85.333v0.021s20.011-85.355-85.312-85.355h-21.333s-85.333 0-85.333 64v362.773h-0.021z"
				],
				"attrs": [],
				"isMulticolor": false,
				"grid": 14,
				"tags": [
					"restroom"
				],
				"colorPermutations": {}
			},
			"attrs": [],
			"properties": {
				"order": 71,
				"id": 5,
				"prevSize": 32,
				"code": 59666,
				"name": "restroom"
			},
			"setIdx": 0,
			"setId": 3,
			"iconIdx": 20
		},
		{
			"icon": {
				"paths": [
					"M981.333 341.333v-256c0-23.552-19.115-42.688-42.667-42.688h-256c0-23.531-19.115-42.645-42.709-42.645h-255.936c-23.573 0-42.688 19.115-42.688 42.645h-256c-23.552 0-42.667 19.136-42.667 42.688v256c-23.552 0-42.667 19.115-42.667 42.667v255.979c0 23.552 19.115 42.667 42.667 42.667v256.021c0 23.552 19.115 42.667 42.667 42.667h256c0 23.552 19.115 42.667 42.688 42.667h255.936c23.595 0 42.709-19.115 42.709-42.667h256c23.552 0 42.667-19.115 42.667-42.667v-256.021c23.552 0 42.667-19.115 42.667-42.667v-255.979c0-23.552-19.115-42.667-42.667-42.667zM895.957 853.291c0 23.573-19.093 42.709-42.667 42.709h-682.624c-23.573 0-42.667-19.115-42.667-42.709v-682.645c0-23.552 19.093-42.645 42.667-42.645h682.624c23.573 0 42.667 19.093 42.667 42.645v682.645zM776 236.587c-2.624-1.088-5.461-1.664-8.256-1.664h-242.987c-12.011 0-21.739 9.664-21.739 21.675 0 11.989 9.728 21.696 21.739 21.696h190.613l-437.333 436.757v-190.421c0-11.989-9.707-21.696-21.717-21.696-12.032 0-21.76 9.707-21.76 21.696v242.795c0 11.989 9.707 21.675 21.76 21.675h242.987c11.989 0 21.696-9.685 21.696-21.675 0-12.011-9.707-21.739-21.696-21.739h-190.571l437.312-436.715v190.379c0 12.011 9.643 21.717 21.717 21.717 11.968 0 21.675-9.707 21.675-21.717v-242.752c0-2.816-0.533-5.632-1.621-8.256-2.283-5.312-6.485-9.557-11.819-11.755z"
				],
				"attrs": [],
				"isMulticolor": false,
				"grid": 14,
				"tags": [
					"area"
				],
				"colorPermutations": {}
			},
			"attrs": [],
			"properties": {
				"order": 73,
				"id": 3,
				"prevSize": 32,
				"code": 59668,
				"name": "area"
			},
			"setIdx": 0,
			"setId": 3,
			"iconIdx": 22
		},
		{
			"icon": {
				"paths": [
					"M512 1024c-282.773 0-512-229.205-512-512 0-282.773 229.227-512 512-512 282.795 0 512 229.248 512 512 0 282.795-229.205 512-512 512zM665.749 389.995h-13.76l7.787-46.144c3.584-22.763-14.912-44.949-38.293-44.949-19.115 0-35.285 12.587-38.251 31.787l-10.176 59.307h-80.789l7.787-46.144c3.563-22.763-14.976-44.949-38.315-44.949-19.136 0-35.264 12.587-38.293 31.787l-10.176 59.307h-34.112c-20.928 0-38.272 17.365-38.272 38.336s17.344 38.357 38.272 38.357h20.928l-14.933 88.661h-26.944c-20.928 0-38.272 17.365-38.272 38.336s17.344 38.336 38.272 38.336h13.781l-8.32 48.512c-4.203 25.173 14.955 44.907 38.272 44.907 21.547 0 35.307-15.573 38.315-31.744l10.752-61.717h80.768l-8.384 48.555c-4.203 22.741 14.933 44.907 38.315 44.907 19.115 0 35.285-13.163 38.251-31.744l10.795-61.717h34.133c20.885 0 38.251-17.365 38.251-38.336s-17.365-38.336-38.251-38.336h-20.992l14.997-88.661h26.88c20.992 0 38.336-17.387 38.336-38.357s-17.365-38.293-38.357-38.293zM464.171 555.328l14.976-88.661h80.725l-14.912 88.661h-80.789z"
				],
				"attrs": [],
				"isMulticolor": false,
				"grid": 14,
				"tags": [
					"hash"
				],
				"colorPermutations": {}
			},
			"attrs": [],
			"properties": {
				"order": 74,
				"id": 4,
				"prevSize": 32,
				"code": 59671,
				"name": "hash"
			},
			"setIdx": 0,
			"setId": 3,
			"iconIdx": 23
		},
		{
			"icon": {
				"paths": [
					"M512 490q44 0 75-31t31-75-31-75-75-31-75 31-31 75 31 75 75 31zM512 86q124 0 211 87t87 211q0 62-31 142t-75 150-87 131-73 97l-32 34q-12-14-32-37t-72-92-91-134-71-147-32-144q0-124 87-211t211-87z"
				],
				"attrs": [],
				"isMulticolor": false,
				"tags": [
					"location_on"
				],
				"grid": 24,
				"colorPermutations": {}
			},
			"attrs": [],
			"properties": {
				"order": 69,
				"id": 7,
				"prevSize": 32,
				"code": 59659,
				"name": "location"
			},
			"setIdx": 0,
			"setId": 3,
			"iconIdx": 18
		}
	],
	"height": 1024,
	"metadata": {
		"name": "icomoon"
	},
	"preferences": {
		"showGlyphs": true,
		"showCodes": true,
		"showQuickUse": false,
		"showQuickUse2": true,
		"showSVGs": true,
		"fontPref": {
			"prefix": "ico-",
			"metadata": {
				"fontFamily": "icomoon",
				"majorVersion": 1,
				"minorVersion": 0
			},
			"metrics": {
				"emSize": 1024,
				"baseline": 6.25,
				"whitespace": 50
			},
			"embed": false,
			"autoHost": false,
			"noie8": true,
			"ie7": false,
			"showSelector": false,
			"showMetrics": false,
			"showMetadata": false,
			"showVersion": false
		},
		"imagePref": {
			"prefix": "icon-",
			"png": true,
			"useClassSelector": true,
			"color": 0,
			"bgColor": 16777215,
			"classSelector": ".icon",
			"height": 32,
			"columns": 16,
			"margin": 16
		},
		"historySize": 100,
		"showLiga": true,
		"quickUsageToken": {
			"LeBinhChieu": "ZTA2ZTgzZjcxOTVkMzU2YjE5ZDJkY2JmNTVjYTFiOGIjMSMxNDU2MTM4MTYwIyMj"
		},
		"gridSize": 16,
		"showGrid": true
	}
}